../imgs/Projeto_IAPAR/Base_Jersey/IAPAR2_1/26/boi_26_9.jpg,[1 1 0]
../imgs/Projeto_IAPAR/Base_Jersey/IAPAR2_1/26/boi_26_8.jpg,[1 1 0]
../imgs/Projeto_IAPAR/Base_Jersey/IAPAR2_1/26/boi_26_3.jpg,[1 0 1]
../imgs/Projeto_IAPAR/Base_Jersey/IAPAR2_1/26/boi_26_6.jpg,[1 1 0]
../imgs/Projeto_IAPAR/Base_Jersey/IAPAR2_1/357/boi_357_20.jpg,[1 0 1]
../imgs/Projeto_IAPAR/Base_Jersey/IAPAR2_1/357/boi_357_19.jpg,[1 0 1]
../imgs/Projeto_IAPAR/Base_Jersey/IAPAR2_1/95/boi_95_0.jpg,[1 0 1]
../imgs/Projeto_IAPAR/Base_Jersey/IAPAR2_1/171/boi_171_5.jpg,[1 0 1]
../imgs/Projeto_IAPAR/Base_Jersey/IAPAR2_1/171/boi_171_2.jpg,[1 0 1]
../imgs/Projeto_IAPAR/Base_Jersey/IAPAR2_1/171/boi_171_18.jpg,[1 0 1]
../imgs/Projeto_IAPAR/Base_Jersey/IAPAR2_1/171/boi_171_9.jpg,[1 1 0]
../imgs/Projeto_IAPAR/Base_Jersey/IAPAR2_1/171/boi_171_6.jpg,[1 0 1]
../imgs/Projeto_IAPAR/Base_Jersey/IAPAR2_1/171/boi_171_0.jpg,[1 0 1]
../imgs/Projeto_IAPAR/Base_Jersey/IAPAR2_1/171/boi_171_7.jpg,[1 0 1]
../imgs/Projeto_IAPAR/Base_Jersey/IAPAR2_1/171/boi_171_3.jpg,[1 0 1]
../imgs/Projeto_IAPAR/Base_Jersey/IAPAR2_1/89/boi_89_7.jpg,[1 1 0]
../imgs/Projeto_IAPAR/Base_Jersey/IAPAR2_1/9/boi_9_4.jpg,[1 0 1]
../imgs/Projeto_IAPAR/Base_Jersey/IAPAR2_1/128/boi_128_5.jpg,[1 0 1]
../imgs/Projeto_IAPAR/Base_Jersey/IAPAR2_1/86/boi_86_1.jpg,[1 1 0]
../imgs/Projeto_IAPAR/Base_Jersey/IAPAR2_1/86/boi_86_17.jpg,[1 0 1]
../imgs/Projeto_IAPAR/Base_Jersey/IAPAR2_1/86/boi_86_16.jpg,[1 0 1]
../imgs/Projeto_IAPAR/Base_Jersey/IAPAR2_1/422/boi_422_1.jpg,[1 0 1]
../imgs/Projeto_IAPAR/Base_Jersey/IAPAR2_1/7/boi_7_0.jpg,[1 0 1]
../imgs/Projeto_IAPAR/Base_Jersey/IAPAR2_1/7/boi_7_2.jpg,[1 0 1]
../imgs/Projeto_IAPAR/Base_Jersey/IAPAR2_1/173/boi_173_11.jpg,[1 0 1]
../imgs/Projeto_IAPAR/Base_Jersey/IAPAR2_1/8/boi_8_0.jpg,[1 0 0]
../imgs/Projeto_IAPAR/Base_Jersey/IAPAR2_1/8/boi_8_19.jpg,[1 0 1]
../imgs/Projeto_IAPAR/Base_Jersey/IAPAR2_1/74/boi_74_8.jpg,[1 1 0]
../imgs/Projeto_IAPAR/Base_Jersey/IAPAR2_1/74/boi_74_11.jpg,[1 1 0]
../imgs/Projeto_IAPAR/Base_Jersey/IAPAR2_1/6/boi_6_1.jpg,[0 0 0]
../imgs/Projeto_IAPAR/Base_Jersey/IAPAR2_1/37/boi_37_14.jpg,[1 1 0]
../imgs/Projeto_IAPAR/Base_Jersey/IAPAR2_1/45/boi_45_8.jpg,[1 0 1]
../imgs/Projeto_IAPAR/Base_Jersey/IAPAR2_1/45/boi_45_9.jpg,[1 0 1]
../imgs/Projeto_IAPAR/Base_Jersey/IAPAR2_1/45/boi_45_2.jpg,[1 0 1]
../imgs/Projeto_IAPAR/Base_Jersey/IAPAR2_1/45/boi_45_6.jpg,[1 0 1]
../imgs/Projeto_IAPAR/Base_Jersey/IAPAR2_1/45/boi_45_17.jpg,[1 0 1]
../imgs/Projeto_IAPAR/Base_Jersey/IAPAR2_1/25/boi_25_9.jpg,[1 1 0]
../imgs/Projeto_IAPAR/Base_Jersey/IAPAR2_1/25/boi_25_10.jpg,[1 1 0]
