../imgs/Projeto_IAPAR/Base_Jersey/IAPAR2_2/110/boi_110_18.jpg,[1 0 1]
../imgs/Projeto_IAPAR/Base_Jersey/IAPAR2_2/110/boi_110_12.jpg,[1 0 0]
../imgs/Projeto_IAPAR/Base_Jersey/IAPAR2_2/110/boi_110_29.jpg,[1 0 1]
../imgs/Projeto_IAPAR/Base_Jersey/IAPAR2_2/110/boi_110_13.jpg,[1 0 1]
../imgs/Projeto_IAPAR/Base_Jersey/IAPAR2_2/110/boi_110_20.jpg,[1 0 1]
../imgs/Projeto_IAPAR/Base_Jersey/IAPAR2_2/110/boi_110_23.jpg,[1 0 1]
../imgs/Projeto_IAPAR/Base_Jersey/IAPAR2_2/110/boi_110_19.jpg,[1 0 1]
../imgs/Projeto_IAPAR/Base_Jersey/IAPAR2_2/110/boi_110_22.jpg,[1 0 1]
../imgs/Projeto_IAPAR/Base_Jersey/IAPAR2_2/110/boi_110_24.jpg,[1 0 1]
../imgs/Projeto_IAPAR/Base_Jersey/IAPAR2_2/110/boi_110_9.jpg,[0 0 0]
../imgs/Projeto_IAPAR/Base_Jersey/IAPAR2_2/110/boi_110_10.jpg,[1 0 1]
../imgs/Projeto_IAPAR/Base_Jersey/IAPAR2_2/110/boi_110_11.jpg,[1 0 1]
../imgs/Projeto_IAPAR/Base_Jersey/IAPAR2_2/110/boi_110_3.jpg,[1 0 1]
../imgs/Projeto_IAPAR/Base_Jersey/IAPAR2_2/110/boi_110_2.jpg,[1 0 0]
../imgs/Projeto_IAPAR/Base_Jersey/IAPAR2_2/110/boi_110_17.jpg,[1 0 1]
../imgs/Projeto_IAPAR/Base_Jersey/IAPAR2_2/110/boi_110_7.jpg,[1 0 1]
../imgs/Projeto_IAPAR/Base_Jersey/IAPAR2_2/110/boi_110_6.jpg,[1 0 1]
../imgs/Projeto_IAPAR/Base_Jersey/IAPAR2_2/110/boi_110_21.jpg,[1 0 1]
../imgs/Projeto_IAPAR/Base_Jersey/IAPAR2_2/90/boi_90_4.jpg,[1 0 1]
../imgs/Projeto_IAPAR/Base_Jersey/IAPAR2_2/90/boi_90_0.jpg,[1 0 1]
../imgs/Projeto_IAPAR/Base_Jersey/IAPAR2_2/90/boi_90_14.jpg,[1 0 1]
../imgs/Projeto_IAPAR/Base_Jersey/IAPAR2_2/90/boi_90_3.jpg,[1 0 1]
../imgs/Projeto_IAPAR/Base_Jersey/IAPAR2_2/90/boi_90_13.jpg,[1 0 0]
../imgs/Projeto_IAPAR/Base_Jersey/IAPAR2_2/90/boi_90_5.jpg,[0 0 0]
../imgs/Projeto_IAPAR/Base_Jersey/IAPAR2_2/90/boi_90_15.jpg,[1 0 1]
../imgs/Projeto_IAPAR/Base_Jersey/IAPAR2_2/90/boi_90_7.jpg,[1 0 1]
../imgs/Projeto_IAPAR/Base_Jersey/IAPAR2_2/90/boi_90_2.jpg,[1 0 1]
../imgs/Projeto_IAPAR/Base_Jersey/IAPAR2_2/114/boi_114_14.jpg,[1 0 1]
../imgs/Projeto_IAPAR/Base_Jersey/IAPAR2_2/114/boi_114_16.jpg,[0 0 0]
../imgs/Projeto_IAPAR/Base_Jersey/IAPAR2_2/114/boi_114_3.jpg,[1 0 1]
../imgs/Projeto_IAPAR/Base_Jersey/IAPAR2_2/114/boi_114_0.jpg,[1 0 1]
../imgs/Projeto_IAPAR/Base_Jersey/IAPAR2_2/114/boi_114_9.jpg,[1 0 1]
../imgs/Projeto_IAPAR/Base_Jersey/IAPAR2_2/91/boi_91_13.jpg,[0 0 0]
../imgs/Projeto_IAPAR/Base_Jersey/IAPAR2_2/91/boi_91_19.jpg,[0 0 0]
../imgs/Projeto_IAPAR/Base_Jersey/IAPAR2_2/91/boi_91_15.jpg,[0 0 0]
../imgs/Projeto_IAPAR/Base_Jersey/IAPAR2_2/91/boi_91_22.jpg,[0 0 0]
../imgs/Projeto_IAPAR/Base_Jersey/IAPAR2_2/91/boi_91_7.jpg,[1 0 1]
../imgs/Projeto_IAPAR/Base_Jersey/IAPAR2_2/91/boi_91_12.jpg,[0 0 0]
../imgs/Projeto_IAPAR/Base_Jersey/IAPAR2_2/91/boi_91_17.jpg,[0 0 0]
../imgs/Projeto_IAPAR/Base_Jersey/IAPAR2_2/91/boi_91_21.jpg,[0 0 0]
../imgs/Projeto_IAPAR/Base_Jersey/IAPAR2_2/91/boi_91_20.jpg,[0 0 0]
../imgs/Projeto_IAPAR/Base_Jersey/IAPAR2_2/91/boi_91_0.jpg,[1 0 1]
../imgs/Projeto_IAPAR/Base_Jersey/IAPAR2_2/91/boi_91_14.jpg,[0 0 0]
../imgs/Projeto_IAPAR/Base_Jersey/IAPAR2_2/91/boi_91_16.jpg,[1 0 0]
../imgs/Projeto_IAPAR/Base_Jersey/IAPAR2_2/91/boi_91_18.jpg,[0 0 0]
../imgs/Projeto_IAPAR/Base_Jersey/IAPAR2_2/91/boi_91_10.jpg,[1 0 1]
../imgs/Projeto_IAPAR/Base_Jersey/IAPAR2_2/70/boi_70_3.jpg,[0 0 0]
../imgs/Projeto_IAPAR/Base_Jersey/IAPAR2_2/70/boi_70_15.jpg,[1 0 1]
../imgs/Projeto_IAPAR/Base_Jersey/IAPAR2_2/102/boi_102_14.jpg,[1 0 1]
../imgs/Projeto_IAPAR/Base_Jersey/IAPAR2_2/111/boi_111_9.jpg,[1 0 1]
../imgs/Projeto_IAPAR/Base_Jersey/IAPAR2_2/111/boi_111_15.jpg,[0 0 0]
../imgs/Projeto_IAPAR/Base_Jersey/IAPAR2_2/111/boi_111_2.jpg,[0 0 0]
../imgs/Projeto_IAPAR/Base_Jersey/IAPAR2_2/351/boi_351_3.jpg,[1 1 0]
../imgs/Projeto_IAPAR/Base_Jersey/IAPAR2_2/351/boi_351_0.jpg,[1 0 1]
../imgs/Projeto_IAPAR/Base_Jersey/IAPAR2_2/351/boi_351_1.jpg,[1 0 0]
../imgs/Projeto_IAPAR/Base_Jersey/IAPAR2_2/11/boi_11_5.jpg,[1 1 0]
../imgs/Projeto_IAPAR/Base_Jersey/IAPAR2_2/11/boi_11_1.jpg,[1 0 1]
../imgs/Projeto_IAPAR/Base_Jersey/IAPAR2_2/11/boi_11_7.jpg,[1 1 0]
../imgs/Projeto_IAPAR/Base_Jersey/IAPAR2_2/11/boi_11_2.jpg,[1 1 0]
../imgs/Projeto_IAPAR/Base_Jersey/IAPAR2_2/55/boi_55_10.jpg,[1 0 1]
../imgs/Projeto_IAPAR/Base_Jersey/IAPAR2_2/55/boi_55_18.jpg,[1 0 1]
../imgs/Projeto_IAPAR/Base_Jersey/IAPAR2_2/55/boi_55_2.jpg,[1 1 0]
../imgs/Projeto_IAPAR/Base_Jersey/IAPAR2_2/55/boi_55_4.jpg,[1 1 0]
../imgs/Projeto_IAPAR/Base_Jersey/IAPAR2_2/55/boi_55_6.jpg,[1 0 1]
../imgs/Projeto_IAPAR/Base_Jersey/IAPAR2_2/98/boi_98_2.jpg,[1 0 1]
../imgs/Projeto_IAPAR/Base_Jersey/IAPAR2_2/98/boi_98_5.jpg,[1 0 1]
../imgs/Projeto_IAPAR/Base_Jersey/IAPAR2_2/98/boi_98_3.jpg,[1 0 0]
../imgs/Projeto_IAPAR/Base_Jersey/IAPAR2_2/98/boi_98_4.jpg,[1 0 1]
../imgs/Projeto_IAPAR/Base_Jersey/IAPAR2_2/98/boi_98_0.jpg,[1 0 1]
../imgs/Projeto_IAPAR/Base_Jersey/IAPAR2_2/98/boi_98_1.jpg,[1 0 1]
../imgs/Projeto_IAPAR/Base_Jersey/IAPAR2_2/92/boi_92_6.jpg,[1 0 1]
../imgs/Projeto_IAPAR/Base_Jersey/IAPAR2_2/92/boi_92_4.jpg,[1 0 1]
../imgs/Projeto_IAPAR/Base_Jersey/IAPAR2_2/99/boi_99_10.jpg,[1 0 1]
../imgs/Projeto_IAPAR/Base_Jersey/IAPAR2_2/99/boi_99_13.jpg,[0 0 0]
../imgs/Projeto_IAPAR/Base_Jersey/IAPAR2_2/99/boi_99_12.jpg,[1 0 0]
../imgs/Projeto_IAPAR/Base_Jersey/IAPAR2_2/99/boi_99_16.jpg,[1 0 1]
../imgs/Projeto_IAPAR/Base_Jersey/IAPAR2_2/99/boi_99_14.jpg,[1 0 0]
../imgs/Projeto_IAPAR/Base_Jersey/IAPAR2_2/99/boi_99_15.jpg,[1 0 1]
