../imgs/Projeto_IAPAR/Base_Jersey/IAPAR2_3/110/IMG_0658.JPG,[1 0 0]
../imgs/Projeto_IAPAR/Base_Jersey/IAPAR2_3/110/IMG_0656.JPG,[0 0 0]
../imgs/Projeto_IAPAR/Base_Jersey/IAPAR2_3/110/IMG_0655.JPG,[1 1 0]
../imgs/Projeto_IAPAR/Base_Jersey/IAPAR2_3/110/IMG_0657.JPG,[1 1 0]
../imgs/Projeto_IAPAR/Base_Jersey/IAPAR2_3/26/IMG_0886.JPG,[1 1 0]
../imgs/Projeto_IAPAR/Base_Jersey/IAPAR2_3/26/IMG_0893.JPG,[1 1 0]
../imgs/Projeto_IAPAR/Base_Jersey/IAPAR2_3/26/IMG_0887.JPG,[1 1 0]
../imgs/Projeto_IAPAR/Base_Jersey/IAPAR2_3/26/IMG_0888.JPG,[1 1 0]
../imgs/Projeto_IAPAR/Base_Jersey/IAPAR2_3/26/IMG_0884.JPG,[1 1 0]
../imgs/Projeto_IAPAR/Base_Jersey/IAPAR2_3/26/IMG_0885.JPG,[1 1 0]
../imgs/Projeto_IAPAR/Base_Jersey/IAPAR2_3/26/IMG_0894.JPG,[1 1 0]
../imgs/Projeto_IAPAR/Base_Jersey/IAPAR2_3/357/IMG_0762.JPG,[1 0 1]
../imgs/Projeto_IAPAR/Base_Jersey/IAPAR2_3/95/IMG_0770.JPG,[1 0 1]
../imgs/Projeto_IAPAR/Base_Jersey/IAPAR2_3/95/IMG_0777.JPG,[1 0 1]
../imgs/Projeto_IAPAR/Base_Jersey/IAPAR2_3/171/IMG_0929.JPG,[1 0 1]
../imgs/Projeto_IAPAR/Base_Jersey/IAPAR2_3/171/IMG_0932.JPG,[1 0 1]
../imgs/Projeto_IAPAR/Base_Jersey/IAPAR2_3/171/IMG_0931.JPG,[1 0 1]
../imgs/Projeto_IAPAR/Base_Jersey/IAPAR2_3/171/IMG_0922.JPG,[1 0 1]
../imgs/Projeto_IAPAR/Base_Jersey/IAPAR2_3/171/IMG_0926.JPG,[1 0 1]
../imgs/Projeto_IAPAR/Base_Jersey/IAPAR2_3/171/IMG_0930.JPG,[1 0 1]
../imgs/Projeto_IAPAR/Base_Jersey/IAPAR2_3/171/IMG_0928.JPG,[1 0 1]
../imgs/Projeto_IAPAR/Base_Jersey/IAPAR2_3/123/IMG_1025.JPG,[1 0 1]
../imgs/Projeto_IAPAR/Base_Jersey/IAPAR2_3/123/IMG_1028.JPG,[1 0 1]
../imgs/Projeto_IAPAR/Base_Jersey/IAPAR2_3/123/IMG_1026.JPG,[1 0 1]
../imgs/Projeto_IAPAR/Base_Jersey/IAPAR2_3/123/IMG_1021.JPG,[1 0 1]
../imgs/Projeto_IAPAR/Base_Jersey/IAPAR2_3/123/IMG_1024.JPG,[1 0 1]
../imgs/Projeto_IAPAR/Base_Jersey/IAPAR2_3/123/IMG_1027.JPG,[1 0 1]
../imgs/Projeto_IAPAR/Base_Jersey/IAPAR2_3/64/IMG_1165.JPG,[1 1 0]
../imgs/Projeto_IAPAR/Base_Jersey/IAPAR2_3/90/IMG_0698.JPG,[1 1 0]
../imgs/Projeto_IAPAR/Base_Jersey/IAPAR2_3/90/IMG_0701.JPG,[1 1 0]
../imgs/Projeto_IAPAR/Base_Jersey/IAPAR2_3/122/IMG_1037.JPG,[1 0 0]
../imgs/Projeto_IAPAR/Base_Jersey/IAPAR2_3/114/IMG_1086.JPG,[1 0 1]
../imgs/Projeto_IAPAR/Base_Jersey/IAPAR2_3/09/IMG_1159.JPG,[1 1 0]
../imgs/Projeto_IAPAR/Base_Jersey/IAPAR2_3/09/IMG_1146.JPG,[1 1 0]
../imgs/Projeto_IAPAR/Base_Jersey/IAPAR2_3/128/IMG_1078.JPG,[1 1 0]
../imgs/Projeto_IAPAR/Base_Jersey/IAPAR2_3/128/IMG_0732.JPG,[1 0 0]
../imgs/Projeto_IAPAR/Base_Jersey/IAPAR2_3/128/IMG_0729.JPG,[1 0 0]
../imgs/Projeto_IAPAR/Base_Jersey/IAPAR2_3/128/IMG_1075.JPG,[1 1 0]
../imgs/Projeto_IAPAR/Base_Jersey/IAPAR2_3/128/IMG_1073.JPG,[1 1 0]
../imgs/Projeto_IAPAR/Base_Jersey/IAPAR2_3/128/IMG_1071.JPG,[1 1 0]
../imgs/Projeto_IAPAR/Base_Jersey/IAPAR2_3/128/IMG_0731.JPG,[1 0 0]
../imgs/Projeto_IAPAR/Base_Jersey/IAPAR2_3/128/IMG_0737.JPG,[1 0 0]
../imgs/Projeto_IAPAR/Base_Jersey/IAPAR2_3/128/IMG_1076.JPG,[1 0 0]
../imgs/Projeto_IAPAR/Base_Jersey/IAPAR2_3/128/IMG_1079.JPG,[1 1 0]
../imgs/Projeto_IAPAR/Base_Jersey/IAPAR2_3/128/IMG_0733.JPG,[1 0 0]
../imgs/Projeto_IAPAR/Base_Jersey/IAPAR2_3/128/IMG_0734.JPG,[1 1 0]
../imgs/Projeto_IAPAR/Base_Jersey/IAPAR2_3/128/IMG_1074.JPG,[1 1 0]
../imgs/Projeto_IAPAR/Base_Jersey/IAPAR2_3/128/IMG_0736.JPG,[1 0 0]
../imgs/Projeto_IAPAR/Base_Jersey/IAPAR2_3/128/IMG_0735.JPG,[1 1 0]
../imgs/Projeto_IAPAR/Base_Jersey/IAPAR2_3/128/IMG_1080.JPG,[1 1 0]
../imgs/Projeto_IAPAR/Base_Jersey/IAPAR2_3/128/IMG_1072.JPG,[1 1 0]
../imgs/Projeto_IAPAR/Base_Jersey/IAPAR2_3/128/IMG_1077.JPG,[1 0 0]
../imgs/Projeto_IAPAR/Base_Jersey/IAPAR2_3/416/IMG_0846.JPG,[1 0 1]
../imgs/Projeto_IAPAR/Base_Jersey/IAPAR2_3/91/IMG_0994.JPG,[1 1 0]
../imgs/Projeto_IAPAR/Base_Jersey/IAPAR2_3/91/IMG_0997.JPG,[1 1 0]
../imgs/Projeto_IAPAR/Base_Jersey/IAPAR2_3/91/IMG_0991.JPG,[1 1 0]
../imgs/Projeto_IAPAR/Base_Jersey/IAPAR2_3/71/IMG_0725.JPG,[1 1 0]
../imgs/Projeto_IAPAR/Base_Jersey/IAPAR2_3/71/IMG_0720.JPG,[1 0 0]
../imgs/Projeto_IAPAR/Base_Jersey/IAPAR2_3/71/IMG_0722.JPG,[1 1 0]
../imgs/Projeto_IAPAR/Base_Jersey/IAPAR2_3/71/IMG_0718.JPG,[1 1 0]
../imgs/Projeto_IAPAR/Base_Jersey/IAPAR2_3/71/IMG_0723.JPG,[1 1 0]
../imgs/Projeto_IAPAR/Base_Jersey/IAPAR2_3/71/IMG_0726.JPG,[1 1 0]
../imgs/Projeto_IAPAR/Base_Jersey/IAPAR2_3/71/IMG_0717.JPG,[1 1 0]
../imgs/Projeto_IAPAR/Base_Jersey/IAPAR2_3/71/IMG_0719.JPG,[1 0 0]
../imgs/Projeto_IAPAR/Base_Jersey/IAPAR2_3/71/IMG_0721.JPG,[1 1 0]
../imgs/Projeto_IAPAR/Base_Jersey/IAPAR2_3/06/IMG_0676.JPG,[1 0 1]
../imgs/Projeto_IAPAR/Base_Jersey/IAPAR2_3/422/IMG_0911.JPG,[1 0 0]
../imgs/Projeto_IAPAR/Base_Jersey/IAPAR2_3/422/IMG_0908.JPG,[1 1 0]
../imgs/Projeto_IAPAR/Base_Jersey/IAPAR2_3/422/IMG_0910.JPG,[1 1 0]
../imgs/Projeto_IAPAR/Base_Jersey/IAPAR2_3/422/IMG_0906.JPG,[1 0 0]
../imgs/Projeto_IAPAR/Base_Jersey/IAPAR2_3/422/IMG_0912.JPG,[1 0 0]
../imgs/Projeto_IAPAR/Base_Jersey/IAPAR2_3/422/IMG_0909.JPG,[1 0 0]
../imgs/Projeto_IAPAR/Base_Jersey/IAPAR2_3/422/IMG_0905.JPG,[1 0 0]
../imgs/Projeto_IAPAR/Base_Jersey/IAPAR2_3/422/IMG_0907.JPG,[1 1 0]
../imgs/Projeto_IAPAR/Base_Jersey/IAPAR2_3/102/IMG_1105.JPG,[1 1 0]
../imgs/Projeto_IAPAR/Base_Jersey/IAPAR2_3/13/IMG_0945.JPG,[1 1 0]
../imgs/Projeto_IAPAR/Base_Jersey/IAPAR2_3/13/IMG_0947.JPG,[1 0 0]
../imgs/Projeto_IAPAR/Base_Jersey/IAPAR2_3/13/IMG_0951.JPG,[1 0 0]
../imgs/Projeto_IAPAR/Base_Jersey/IAPAR2_3/13/IMG_0946.JPG,[1 0 1]
../imgs/Projeto_IAPAR/Base_Jersey/IAPAR2_3/13/IMG_0950.JPG,[1 0 1]
../imgs/Projeto_IAPAR/Base_Jersey/IAPAR2_3/111/IMG_1002.JPG,[1 1 0]
../imgs/Projeto_IAPAR/Base_Jersey/IAPAR2_3/111/IMG_1001.JPG,[1 1 0]
../imgs/Projeto_IAPAR/Base_Jersey/IAPAR2_3/111/IMG_1008.JPG,[1 1 0]
../imgs/Projeto_IAPAR/Base_Jersey/IAPAR2_3/111/IMG_1010.JPG,[1 1 0]
../imgs/Projeto_IAPAR/Base_Jersey/IAPAR2_3/119/IMG_1042.JPG,[1 0 0]
../imgs/Projeto_IAPAR/Base_Jersey/IAPAR2_3/119/IMG_1049.JPG,[1 0 1]
../imgs/Projeto_IAPAR/Base_Jersey/IAPAR2_3/119/IMG_1046.JPG,[1 0 1]
../imgs/Projeto_IAPAR/Base_Jersey/IAPAR2_3/119/IMG_1043.JPG,[1 1 0]
../imgs/Projeto_IAPAR/Base_Jersey/IAPAR2_3/119/IMG_1041.JPG,[1 0 1]
../imgs/Projeto_IAPAR/Base_Jersey/IAPAR2_3/119/IMG_1048.JPG,[1 0 1]
../imgs/Projeto_IAPAR/Base_Jersey/IAPAR2_3/119/IMG_1047.JPG,[1 0 1]
../imgs/Projeto_IAPAR/Base_Jersey/IAPAR2_3/119/IMG_1040.JPG,[1 0 1]
../imgs/Projeto_IAPAR/Base_Jersey/IAPAR2_3/117/IMG_0988.JPG,[1 0 1]
../imgs/Projeto_IAPAR/Base_Jersey/IAPAR2_3/117/IMG_0989.JPG,[1 0 1]
../imgs/Projeto_IAPAR/Base_Jersey/IAPAR2_3/117/IMG_0987.JPG,[1 1 0]
../imgs/Projeto_IAPAR/Base_Jersey/IAPAR2_3/15/IMG_1139.JPG,[1 0 0]
../imgs/Projeto_IAPAR/Base_Jersey/IAPAR2_3/15/IMG_1140.JPG,[1 0 0]
../imgs/Projeto_IAPAR/Base_Jersey/IAPAR2_3/15/IMG_1142.JPG,[1 0 0]
../imgs/Projeto_IAPAR/Base_Jersey/IAPAR2_3/15/IMG_1138.JPG,[1 1 0]
../imgs/Projeto_IAPAR/Base_Jersey/IAPAR2_3/15/IMG_1135.JPG,[1 0 0]
../imgs/Projeto_IAPAR/Base_Jersey/IAPAR2_3/15/IMG_1137.JPG,[1 0 0]
../imgs/Projeto_IAPAR/Base_Jersey/IAPAR2_3/15/IMG_1136.JPG,[1 0 0]
../imgs/Projeto_IAPAR/Base_Jersey/IAPAR2_3/11/IMG_0961.JPG,[1 0 1]
../imgs/Projeto_IAPAR/Base_Jersey/IAPAR2_3/11/IMG_0960.JPG,[1 1 0]
../imgs/Projeto_IAPAR/Base_Jersey/IAPAR2_3/11/IMG_0959.JPG,[1 1 0]
../imgs/Projeto_IAPAR/Base_Jersey/IAPAR2_3/11/IMG_0964.JPG,[1 1 0]
../imgs/Projeto_IAPAR/Base_Jersey/IAPAR2_3/11/IMG_0962.JPG,[1 0 1]
../imgs/Projeto_IAPAR/Base_Jersey/IAPAR2_3/11/IMG_0965.JPG,[1 1 0]
../imgs/Projeto_IAPAR/Base_Jersey/IAPAR2_3/05/IMG_0753.JPG,[1 0 1]
../imgs/Projeto_IAPAR/Base_Jersey/IAPAR2_3/05/IMG_0754.JPG,[1 0 1]
../imgs/Projeto_IAPAR/Base_Jersey/IAPAR2_3/423/IMG_0711.JPG,[1 0 1]
../imgs/Projeto_IAPAR/Base_Jersey/IAPAR2_3/423/IMG_0715.JPG,[1 0 1]
../imgs/Projeto_IAPAR/Base_Jersey/IAPAR2_3/423/IMG_0713.JPG,[1 0 1]
../imgs/Projeto_IAPAR/Base_Jersey/IAPAR2_3/423/IMG_0708.JPG,[1 1 0]
../imgs/Projeto_IAPAR/Base_Jersey/IAPAR2_3/423/IMG_0710.JPG,[1 0 0]
../imgs/Projeto_IAPAR/Base_Jersey/IAPAR2_3/423/IMG_0712.JPG,[1 0 1]
../imgs/Projeto_IAPAR/Base_Jersey/IAPAR2_3/74/IMG_0799.JPG,[1 1 0]
../imgs/Projeto_IAPAR/Base_Jersey/IAPAR2_3/74/IMG_0797.JPG,[1 0 1]
../imgs/Projeto_IAPAR/Base_Jersey/IAPAR2_3/74/IMG_0796.JPG,[1 0 1]
../imgs/Projeto_IAPAR/Base_Jersey/IAPAR2_3/35/IMG_0943.JPG,[1 1 0]
../imgs/Projeto_IAPAR/Base_Jersey/IAPAR2_3/35/IMG_0934.JPG,[1 1 0]
../imgs/Projeto_IAPAR/Base_Jersey/IAPAR2_3/45/IMG_0812.JPG,[1 0 1]
../imgs/Projeto_IAPAR/Base_Jersey/IAPAR2_3/08/IMG_1178.JPG,[1 0 1]
../imgs/Projeto_IAPAR/Base_Jersey/IAPAR2_3/08/IMG_1174.JPG,[1 0 1]
../imgs/Projeto_IAPAR/Base_Jersey/IAPAR2_3/08/IMG_1182.JPG,[1 0 1]
../imgs/Projeto_IAPAR/Base_Jersey/IAPAR2_3/358/IMG_0684.JPG,[1 0 0]
../imgs/Projeto_IAPAR/Base_Jersey/IAPAR2_3/358/IMG_0681.JPG,[1 0 0]
../imgs/Projeto_IAPAR/Base_Jersey/IAPAR2_3/358/IMG_0685.JPG,[1 0 0]
../imgs/Projeto_IAPAR/Base_Jersey/IAPAR2_3/358/IMG_0680.JPG,[0 0 0]
../imgs/Projeto_IAPAR/Base_Jersey/IAPAR2_3/358/IMG_0679.JPG,[1 1 0]
../imgs/Projeto_IAPAR/Base_Jersey/IAPAR2_3/358/IMG_0687.JPG,[1 0 0]
../imgs/Projeto_IAPAR/Base_Jersey/IAPAR2_3/358/IMG_0677.JPG,[1 1 0]
../imgs/Projeto_IAPAR/Base_Jersey/IAPAR2_3/358/IMG_0682.JPG,[1 1 0]
../imgs/Projeto_IAPAR/Base_Jersey/IAPAR2_3/358/IMG_0683.JPG,[1 0 0]
../imgs/Projeto_IAPAR/Base_Jersey/IAPAR2_3/358/IMG_0686.JPG,[1 0 0]
../imgs/Projeto_IAPAR/Base_Jersey/IAPAR2_3/25/IMG_0880.JPG,[1 1 0]
../imgs/Projeto_IAPAR/Base_Jersey/IAPAR2_3/73/IMG_1189.JPG,[1 0 1]
../imgs/Projeto_IAPAR/Base_Jersey/IAPAR2_3/73/IMG_1195.JPG,[1 0 1]
../imgs/Projeto_IAPAR/Base_Jersey/IAPAR2_3/73/IMG_1192.JPG,[1 0 1]
../imgs/Projeto_IAPAR/Base_Jersey/IAPAR2_3/73/IMG_1187.JPG,[1 0 1]
../imgs/Projeto_IAPAR/Base_Jersey/IAPAR2_3/92/IMG_1112.JPG,[1 1 0]
../imgs/Projeto_IAPAR/Base_Jersey/IAPAR2_3/107/IMG_0663.JPG,[1 1 0]
../imgs/Projeto_IAPAR/Base_Jersey/IAPAR2_3/107/IMG_0664.JPG,[1 1 0]
../imgs/Projeto_IAPAR/Base_Jersey/IAPAR2_3/107/IMG_0667.JPG,[1 1 0]
../imgs/Projeto_IAPAR/Base_Jersey/IAPAR2_3/107/IMG_0665.JPG,[1 1 0]
../imgs/Projeto_IAPAR/Base_Jersey/IAPAR2_3/107/IMG_0661.JPG,[1 1 0]
../imgs/Projeto_IAPAR/Base_Jersey/IAPAR2_3/107/IMG_0666.JPG,[1 1 0]
../imgs/Projeto_IAPAR/Base_Jersey/IAPAR2_3/107/IMG_0662.JPG,[1 1 0]
../imgs/Projeto_IAPAR/Base_Jersey/IAPAR2_3/99/IMG_1093.JPG,[1 1 0]
../imgs/Projeto_IAPAR/Base_Jersey/IAPAR2_3/99/IMG_1094.JPG,[1 1 0]
../imgs/Projeto_IAPAR/Base_Jersey/IAPAR2_3/99/IMG_1095.JPG,[1 1 0]
../imgs/Projeto_IAPAR/Base_Jersey/IAPAR2_3/99/IMG_1092.JPG,[1 1 0]
../imgs/Projeto_IAPAR/Base_Jersey/IAPAR2_3/99/IMG_1100.JPG,[1 1 0]
../imgs/Projeto_IAPAR/Base_Jersey/IAPAR2_3/99/IMG_1097.JPG,[1 1 0]
../imgs/Projeto_IAPAR/Base_Jersey/IAPAR2_3/99/IMG_1099.JPG,[1 0 0]
