../imgs/Imagens-USP/DSC00456.JPG,[1 1 0]
../imgs/Imagens-USP/DSC00350.JPG,[1 1 0]
../imgs/Imagens-USP/DSC01089.JPG,[1 0 1]
../imgs/Imagens-USP/DSC00294.JPG,[1 0 1]
../imgs/Imagens-USP/DSC00585.JPG,[1 0 0]
../imgs/Imagens-USP/DSC00304.JPG,[1 1 0]
../imgs/Imagens-USP/DSC00445.JPG,[1 1 0]
../imgs/Imagens-USP/DSC00452.JPG,[1 1 0]
../imgs/Imagens-USP/DSC00454.JPG,[1 1 0]
../imgs/Imagens-USP/DSC00573.JPG,[1 0 1]
../imgs/Imagens-USP/DSC00354.JPG,[1 1 0]
../imgs/Imagens-USP/DSC00569.JPG,[1 1 0]
../imgs/Imagens-USP/DSC00209.JPG,[1 0 1]
../imgs/Imagens-USP/DSC00308.JPG,[1 1 0]
../imgs/Imagens-USP/DSC00651.JPG,[1 0 1]
../imgs/Imagens-USP/DSC00446.JPG,[1 1 0]
../imgs/Imagens-USP/DSC00587.JPG,[1 0 1]
../imgs/Imagens-USP/DSC00798.JPG,[1 1 0]
../imgs/Imagens-USP/DSC00353.JPG,[1 0 1]
../imgs/Imagens-USP/DSC00725.JPG,[1 1 0]
../imgs/Imagens-USP/DSC00512.JPG,[1 0 1]
../imgs/Imagens-USP/DSC00580.JPG,[1 0 1]
../imgs/Imagens-USP/DSC00453.JPG,[1 1 0]
../imgs/Imagens-USP/DSC00584.JPG,[1 0 0]
../imgs/Imagens-USP/DSC00301.JPG,[1 1 0]
../imgs/Imagens-USP/DSC00457.JPG,[1 1 0]
../imgs/Imagens-USP/DSC00362.JPG,[1 1 0]
../imgs/Imagens-USP/DSC00892.JPG,[1 0 1]
../imgs/Imagens-USP/DSC00355.JPG,[1 1 0]
../imgs/Imagens-USP/DSC00364.JPG,[1 1 0]
../imgs/Imagens-USP/DSC00449.JPG,[1 1 0]
../imgs/Imagens-USP/DSC01022.JPG,[1 0 1]
../imgs/Imagens-USP/DSC00307.JPG,[1 1 0]
../imgs/Imagens-USP/DSC00184.JPG,[1 1 0]
../imgs/Imagens-USP/DSC00579.JPG,[1 0 0]
../imgs/Imagens-USP/DSC00352.JPG,[1 1 0]
../imgs/Imagens-USP/DSC00801.JPG,[1 1 0]
../imgs/Imagens-USP/DSC00443.JPG,[1 1 0]
../imgs/Imagens-USP/DSC00302.JPG,[1 1 0]
../imgs/Imagens-USP/DSC00455.JPG,[1 1 0]
../imgs/Imagens-USP/DSC00257.JPG,[1 0 1]
../imgs/Imagens-USP/DSC00458.JPG,[1 1 0]
../imgs/Imagens-USP/DSC00363.JPG,[1 1 0]
../imgs/Imagens-USP/DSC00470.JPG,[1 0 0]
../imgs/Imagens-USP/DSC00450.JPG,[1 1 0]
../imgs/Imagens-USP/DSC00581.JPG,[1 0 1]
../imgs/Imagens-USP/DSC00576.JPG,[1 0 1]
../imgs/Imagens-USP/DSC00586.JPG,[1 0 0]
../imgs/Imagens-USP/DSC00744.JPG,[1 1 0]
../imgs/Imagens-USP/DSC00181.JPG,[1 0 0]
../imgs/Imagens-USP/DSC00451.JPG,[1 1 0]
../imgs/Imagens-USP/DSC00254.JPG,[1 0 1]
../imgs/Imagens-USP/DSC00198.JPG,[1 0 1]
../imgs/Imagens-USP/DSC00588.JPG,[1 1 0]
../imgs/Imagens-USP/DSC00743.JPG,[1 1 0]
../imgs/Imagens-USP/DSC01160.JPG,[1 0 1]
../imgs/Imagens-USP/DSC00891.JPG,[1 0 1]
../imgs/Imagens-USP/DSC00447.JPG,[1 1 0]
