../imgs/Imagens-USP/DSC00350.JPG,1
../imgs/Imagens-USP/DSC00214.JPG,1
../imgs/Imagens-USP/DSC00209.JPG,1
../imgs/Imagens-USP/DSC01112.JPG,1
../imgs/Imagens-USP/DSC00651.JPG,0
../imgs/Imagens-USP/DSC00256.JPG,1
../imgs/Imagens-USP/DSC00206.JPG,1
../imgs/Imagens-USP/DSC00512.JPG,1
../imgs/Imagens-USP/DSC00208.JPG,1
../imgs/Imagens-USP/DSC00584.JPG,1
../imgs/Imagens-USP/DSC00207.JPG,1
../imgs/Imagens-USP/DSC00659.JPG,1
../imgs/Imagens-USP/DSC00215.JPG,1
../imgs/Imagens-USP/DSC01022.JPG,0
../imgs/Imagens-USP/DSC01106.JPG,1
../imgs/Imagens-USP/DSC00734.JPG,1
../imgs/Imagens-USP/DSC00470.JPG,0
../imgs/Imagens-USP/DSC00733.JPG,1
../imgs/Imagens-USP/DSC01116.JPG,1
../imgs/Imagens-USP/DSC00181.JPG,0
../imgs/Imagens-USP/DSC00345.JPG,1
../imgs/Imagens-USP/DSC00198.JPG,0
