../imgs/Projeto_IAPAR/Base_Jersey/IAPAR2_3/110/IMG_0657.JPG,1
../imgs/Projeto_IAPAR/Base_Jersey/IAPAR2_3/13/IMG_0948.JPG,0
../imgs/Projeto_IAPAR/Base_Jersey/IAPAR2_3/13/IMG_0945.JPG,1
../imgs/Projeto_IAPAR/Base_Jersey/IAPAR2_3/13/IMG_0947.JPG,0
../imgs/Projeto_IAPAR/Base_Jersey/IAPAR2_3/13/IMG_0951.JPG,1
../imgs/Projeto_IAPAR/Base_Jersey/IAPAR2_3/13/IMG_0952.JPG,1
../imgs/Projeto_IAPAR/Base_Jersey/IAPAR2_3/13/IMG_0946.JPG,1
../imgs/Projeto_IAPAR/Base_Jersey/IAPAR2_3/13/IMG_0950.JPG,1
../imgs/Projeto_IAPAR/Base_Jersey/IAPAR2_3/13/IMG_0949.JPG,0
