../imgs/Projeto_IAPAR/Base_Jersey/IAPAR2_2/110/boi_110_9.jpg,1
../imgs/Projeto_IAPAR/Base_Jersey/IAPAR2_2/110/boi_110_3.jpg,1
../imgs/Projeto_IAPAR/Base_Jersey/IAPAR2_2/110/boi_110_2.jpg,1
../imgs/Projeto_IAPAR/Base_Jersey/IAPAR2_2/90/boi_90_13.jpg,1
../imgs/Projeto_IAPAR/Base_Jersey/IAPAR2_2/114/boi_114_13.jpg,1
../imgs/Projeto_IAPAR/Base_Jersey/IAPAR2_2/114/boi_114_14.jpg,1
../imgs/Projeto_IAPAR/Base_Jersey/IAPAR2_2/114/boi_114_16.jpg,1
../imgs/Projeto_IAPAR/Base_Jersey/IAPAR2_2/114/boi_114_15.jpg,1
../imgs/Projeto_IAPAR/Base_Jersey/IAPAR2_2/114/boi_114_11.jpg,1
../imgs/Projeto_IAPAR/Base_Jersey/IAPAR2_2/114/boi_114_12.jpg,1
../imgs/Projeto_IAPAR/Base_Jersey/IAPAR2_2/114/boi_114_18.jpg,1
../imgs/Projeto_IAPAR/Base_Jersey/IAPAR2_2/114/boi_114_17.jpg,1
../imgs/Projeto_IAPAR/Base_Jersey/IAPAR2_2/91/boi_91_15.jpg,1
../imgs/Projeto_IAPAR/Base_Jersey/IAPAR2_2/91/boi_91_12.jpg,1
../imgs/Projeto_IAPAR/Base_Jersey/IAPAR2_2/111/boi_111_15.jpg,1
../imgs/Projeto_IAPAR/Base_Jersey/IAPAR2_2/111/boi_111_2.jpg,0
../imgs/Projeto_IAPAR/Base_Jersey/IAPAR2_2/351/boi_351_1.jpg,1
../imgs/Projeto_IAPAR/Base_Jersey/IAPAR2_2/55/boi_55_2.jpg,1
../imgs/Projeto_IAPAR/Base_Jersey/IAPAR2_2/98/boi_98_5.jpg,1
../imgs/Projeto_IAPAR/Base_Jersey/IAPAR2_2/98/boi_98_3.jpg,1
../imgs/Projeto_IAPAR/Base_Jersey/IAPAR2_2/98/boi_98_11.jpg,1
../imgs/Projeto_IAPAR/Base_Jersey/IAPAR2_2/98/boi_98_4.jpg,1
../imgs/Projeto_IAPAR/Base_Jersey/IAPAR2_2/98/boi_98_0.jpg,1
../imgs/Projeto_IAPAR/Base_Jersey/IAPAR2_2/99/boi_99_13.jpg,1
